{
  "default": {
    "general": {
      "log_dir": "\\\\databrick\\N\\eve_logs",
      "monitor_number": 4
    },
    "ml_botting_core": {
      "public_models": [
        {
          "game": "eve_online",
          "model_name": "game_state",
          "download_latest": 1,
          "download_latest_from": "https://storage.googleapis.com/eve_online_models/",
          "model_root_directory": "O:\\eve_live_models\\game_state",
          "model_log_directory": "O:\\eve_live_logs\\game_state",
          "save_images": 1
        },
        {
          "game": "eve_online",
          "model_name": "game_state_cake_layer_1_v1",
          "download_latest": 1,
          "download_latest_from": "https://storage.googleapis.com/eve_online_models/",
          "model_root_directory": "O:\\eve_live_models\\game_state_cake_layer_1_v1",
          "model_log_directory": "O:\\eve_live_logs\\game_state_cake_layer_1_v1",
          "save_images": 1
        },
        {
          "game": "eve_online",
          "model_name": "game_state_cake_layer_2_v1",
          "download_latest": 1,
          "download_latest_from": "https://storage.googleapis.com/eve_online_models/",
          "model_root_directory": "O:\\eve_live_models\\game_state_cake_layer_2_v1",
          "model_log_directory": "O:\\eve_live_logs\\game_state_cake_layer_2_v1",
          "save_images": 1
        }
      ]
    },
    "static_screen_pos": {
      "next_waypoint_menu_box_dims_from_click": [
        -90,
        369,
        -28,
        356
      ],
      "click_target_default_cords": [
        100,
        100
      ]
    }
  }
}

