{
  "RedComputer": {
    "log_dir": "\\\\databrick\\N\\eve_logs",
    "Classifiers": {
      "enabled_classifiers": [
        "mining_tool_state",
        "nav_options",
        "game_state",
        "hanger_menus",
        "set_dest",
        "route_y_large_vert_class_v2"
      ],
      "save_image_classifiers": [
        "route_y_large_vert_class_v2"
      ],
      "download_source_root":"https://storage.googleapis.com/eve_online_models",
      "download_dest_root":"O:\\eve_live_models"
    }
  },
  "databrick": {
    "log_dir": "\\\\databrick\\N\\eve_logs",
    "Classifiers": {
      "mining_tool_state": {
        "image_resize": [
          116,
          26
        ],
        "class_location": "E:\\Eve_Models\\mining_tool_state_classes.json",
        "model_location": "E:\\Eve_Models\\mining_tool_state_model.h5",
        "save_images": 0
      },
      "game_state": {
        "image_resize": [
          206,
          384
        ],
        "class_location": "E:\\Eve_Models\\game_state_classes.json",
        "model_location": "E:\\Eve_Models\\game_state_model.h5",
        "save_images": 0
      }
    }
  }
}